"","SA2_CODE_2021","SA2_NAME_2021","service_intensity","service_per_capita","rank","SA4 name"
"1","206041505","Melbourne CBD - West",175240,8.14009661835749,1,"Melbourne - Inner"
"2","207021157","Doncaster",118128,4.23337155963303,2,"Melbourne - Inner East"
"3","206041503","Melbourne CBD - East",107874,7.87573921296634,3,"Melbourne - Inner"
"4","207031163","Box Hill",100279,3.76027448627569,4,"Melbourne - Inner East"
"5","209021428","Preston - East",98096,4.34129934501682,5,"Melbourne - North East"
"6","206041119","East Melbourne",96664,18.5109153581003,6,"Melbourne - Inner"
"7","207021159","Templestowe",96072,5.50020037785538,7,"Melbourne - Inner East"
"8","213031348","Footscray",95556,4.60377722104452,8,"Melbourne - West"
"9","206041118","Docklands",86484,4.6579415091291,9,"Melbourne - Inner"
"10","206041117","Carlton",85610,3.5739333722969,10,"Melbourne - Inner"
"11","208021177","Caulfield - North",82981,3.38905452317746,11,"Melbourne - Inner South"
"12","206051128","Albert Park",82171,4.78183193668529,12,"Melbourne - Inner"
"13","212051326","Oakleigh - Huntingdale",78650,3.13296685787126,13,"Melbourne - South East"
"14","206051511","Port Melbourne Industrial",77664,29.7449253159709,14,"Melbourne - Inner"
"15","206041504","Melbourne CBD - North",76939,3.26303066287798,15,"Melbourne - Inner"
"16","207031161","Blackburn",73363,3.12568701802224,16,"Melbourne - Inner East"
"17","207011149","Camberwell",73062,3.30298372513562,17,"Melbourne - Inner East"
"18","208041194","Malvern - Glen Iris",71893,3.31609778597786,18,"Melbourne - Inner South"
"19","213011336","Sunshine",67272,6.65795724465558,19,"Melbourne - West"
"20","211031266","Ringwood",67214,3.42352162175928,20,"Melbourne - Outer East"
"21","207021424","Doncaster East - North",66989,4.09668542074364,21,"Melbourne - Inner East"
"22","206051514","St Kilda - West",66683,4.15237561491998,22,"Melbourne - Inner"
"23","208011169","Brighton (Vic.)",66001,2.73783548346953,23,"Melbourne - Inner South"
"24","207021425","Doncaster East - South",63261,3.78581687612208,24,"Melbourne - Inner East"
"25","206061136","Prahran - Windsor",62950,3.00793195718654,25,"Melbourne - Inner"
"26","207011148","Balwyn North",62176,2.785039193729,26,"Melbourne - Inner East"
"27","206011497","Coburg - East",61162,4.37934984963483,27,"Melbourne - Inner"
"28","206021499","Northcote - East",61159,3.84164572864322,28,"Melbourne - Inner"
"29","206071143","Fitzroy North",60344,4.39760967788952,29,"Melbourne - Inner"
"30","206071517","Richmond (South) - Cremorne",59665,3.10270410816433,30,"Melbourne - Inner"
"31","213031347","Braybrook",59651,2.88183004009856,31,"Melbourne - West"
"32","207031164","Box Hill North",59001,3.03581167995884,32,"Melbourne - Inner East"
"33","206031116","Moonee Ponds",57571,3.23015205072098,33,"Melbourne - Inner"
"34","206031502","Essendon - East",57350,4.42993974972965,34,"Melbourne - Inner"
"35","206021112","Thornbury",57174,2.86127514763287,35,"Melbourne - Inner"
"36","206041125","South Yarra - West",56331,8.1098473941837,36,"Melbourne - Inner"
"37","206041124","Parkville",54702,6.59616544073315,37,"Melbourne - Inner"
"38","210051242","Broadmeadows",54149,3.66218044095766,38,"Melbourne - North West"
"39","206051513","St Kilda - Central",53962,3.93165755919854,39,"Melbourne - Inner"
"40","206071139","Abbotsford",53697,5.21633961530989,40,"Melbourne - Inner"
"41","207011522","Kew - West",52548,3.84263254113346,41,"Melbourne - Inner East"
"42","209011199","Heidelberg West",52074,3.11764353708915,42,"Melbourne - North East"
"43","207031165","Burwood (Vic.)",50523,3.38671403673415,43,"Melbourne - Inner East"
"44","211021261","Donvale - Park Orchards",50299,2.99791393491477,44,"Melbourne - Outer East"
"45","206011496","Brunswick - South",49968,3.28953258722844,45,"Melbourne - Inner"
"46","212041563","Dandenong - North",49665,2.15307582260372,46,"Melbourne - South East"
"47","213031349","Maribyrnong",49548,3.58575770733825,47,"Melbourne - West"
"48","211041271","Nunawading",49043,3.70695389266818,48,"Melbourne - Outer East"
"49","206071141","Collingwood",48709,4.37048003589053,49,"Melbourne - Inner"
"50","206071142","Fitzroy",48584,4.05407209612817,50,"Melbourne - Inner"
"51","206041506","North Melbourne",48569,2.52687165079861,51,"Melbourne - Inner"
"52","207011521","Kew - South",48136,3.8970207253886,52,"Melbourne - Inner East"
"53","207011520","Hawthorn - South",47745,3.54165121281804,53,"Melbourne - Inner East"
"54","207021160","Templestowe Lower",47585,3.256569942513,54,"Melbourne - Inner East"
"55","206071518","Richmond - North",46710,3.04915464455904,55,"Melbourne - Inner"
"56","206061135","Armadale",46681,4.66950085025508,56,"Melbourne - Inner"
"57","213021343","Altona North",46546,2.92484604750534,57,"Melbourne - West"
"58","211011260","Wantirna South",46457,2.52648466391125,58,"Melbourne - Outer East"
"59","206071140","Carlton North - Princes Hill",45800,5.23608094203727,59,"Melbourne - Inner"
"60","211021262","Warrandyte - Wonga Park",45378,4.43231099824184,60,"Melbourne - Outer East"
"61","212051322","Glen Waverley - West",45300,1.95241789500905,61,"Melbourne - South East"
"62","212041564","Dandenong - South",45000,4.48564593301435,62,"Melbourne - South East"
"63","206061138","Toorak",44031,3.2605894549763,63,"Melbourne - Inner"
"64","206011495","Brunswick - North",43461,2.97780061664954,64,"Melbourne - Inner"
"65","207021156","Bulleen",43175,3.67071926543105,65,"Melbourne - Inner East"
"66","206011106","Brunswick East",43054,2.98199196564621,66,"Melbourne - Inner"
"67","206011107","Brunswick West",42747,2.73248529787778,67,"Melbourne - Inner"
"68","211041270","Mitcham (Vic.)",42701,2.44396749084249,68,"Melbourne - Outer East"
"69","208031188","Highett (East) - Cheltenham ",42335,1.63670455424109,69,"Melbourne - Inner South"
"70","206031501","Essendon (West) - Aberfeldie",42276,2.46421077174166,70,"Melbourne - Inner"
"71","206051130","Port Melbourne",42005,2.48785832741057,71,"Melbourne - Inner"
"72","208021178","Caulfield - South",40943,2.15773386034256,72,"Melbourne - Inner South"
"73","208041195","Malvern East",40624,1.71134889207178,73,"Melbourne - Inner South"
"74","209011197","Greensborough",40167,1.88241634642422,74,"Melbourne - North East"
"75","206051134","St Kilda East",39787,2.29558042926379,75,"Melbourne - Inner"
"76","209021525","Reservoir - South East",39779,2.86695495495495,76,"Melbourne - North East"
"77","207011147","Balwyn",39247,2.3132736060356,77,"Melbourne - Inner East"
"78","214011370","Carrum Downs",38727,1.65911232970611,78,"Mornington Peninsula"
"79","209011202","Montmorency - Briar Hill",38640,2.2787049596037,79,"Melbourne - North East"
"80","207011154","Kew East",38443,5.67005899705015,80,"Melbourne - Inner East"
"81","213031351","West Footscray - Tottenham",38301,2.95692117656141,81,"Melbourne - West"
"82","210011534","Keilor East",38205,2.46531586758727,82,"Melbourne - North West"
"83","212051325","Mulgrave",37818,1.80248796530194,83,"Melbourne - South East"
"84","209021526","Reservoir - South West",36815,2.4282699030407,84,"Melbourne - North East"
"85","212021293","Berwick - North",36760,1.54473252931042,85,"Melbourne - South East"
"86","208011173","Sandringham - Black Rock",36527,2.02680057707247,86,"Melbourne - Inner South"
"87","212051321","Glen Waverley - East",36122,1.59204901053374,87,"Melbourne - South East"
"88","206051129","Elwood",35692,2.23620073930205,88,"Melbourne - Inner"
"89","209021429","Preston - West",35580,2.64142538975501,89,"Melbourne - North East"
"90","211011254","Knoxfield - Scoresby",35518,2.07198693267997,90,"Melbourne - Outer East"
"91","206021500","Northcote - West",35177,3.2116315164795,91,"Melbourne - Inner"
"92","208021179","Elsternwick",35140,2.75283979631806,92,"Melbourne - Inner South"
"93","214011371","Frankston",35017,1.41243142949339,93,"Mornington Peninsula"
"94","206031113","Ascot Vale",34998,2.16652222359787,94,"Melbourne - Inner"
"95","210051243","Campbellfield - Coolaroo",34931,2.12501520866285,95,"Melbourne - North West"
"96","209041432","Epping - South",34325,4.07999524545346,96,"Melbourne - North East"
"97","206051512","South Melbourne",33870,2.62232889439455,97,"Melbourne - Inner"
"98","213051363","Laverton",33595,2.63407558413047,98,"Melbourne - West"
"99","208031190","Mentone",33383,2.38671623650533,99,"Melbourne - Inner South"
"100","213051467","Werribee - East",33085,1.7300250993516,100,"Melbourne - West"
"101","206021110","Alphington - Fairfield",32863,3.39213459950454,101,"Melbourne - Inner"
"102","206041509","Southbank - East",32429,1.66918879967058,102,"Melbourne - Inner"
"103","212041317","Springvale",32312,1.34013520799635,103,"Melbourne - South East"
"104","212051567","Clayton (North) - Notting Hill",32106,2.27009828183554,104,"Melbourne - South East"
"105","214021383","Point Nepean",32047,1.581942936124,105,"Mornington Peninsula"
"106","211011256","Rowville - Central",31100,1.97698811264382,106,"Melbourne - Outer East"
"107","209021205","Kingsbury",31097,2.48616885193476,107,"Melbourne - North East"
"108","212031300","Cranbourne",31023,1.37610894251242,108,"Melbourne - South East"
"109","207031166","Burwood East",30708,2.48326055312955,109,"Melbourne - Inner East"
"110","213041463","Caroline Springs",30509,1.45128912567786,110,"Melbourne - West"
"111","207011152","Hawthorn East",30407,1.75580321053239,111,"Melbourne - Inner East"
"112","208021176","Carnegie",30379,1.45333205759939,112,"Melbourne - Inner South"
"113","210011226","Airport West",29995,3.46883312131375,113,"Melbourne - North West"
"114","213021341","Altona",29367,2.06344856661046,114,"Melbourne - West"
"115","210051245","Gladstone Park - Westmeadows",29265,1.60233245729304,115,"Melbourne - North West"
"116","209041223","Thomastown",28616,1.39331970006817,116,"Melbourne - North East"
"117","207011155","Surrey Hills (West) - Canterbury",28285,1.74265294806235,117,"Melbourne - Inner East"
"118","209021523","Reservoir - North East",28028,1.75438157235854,118,"Melbourne - North East"
"119","211011446","Boronia",27915,1.13637288825565,119,"Melbourne - Outer East"
"120","208031193","Mordialloc - Parkdale",27894,1.25484727158217,120,"Melbourne - Inner South"
"121","209031209","Eltham",27404,1.16345419037106,121,"Melbourne - North East"
"122","212051319","Ashwood - Chadstone",27362,1.30624910488375,122,"Melbourne - South East"
"123","211031451","Croydon - West",27345,1.84414620987321,123,"Melbourne - Outer East"
"124","208011168","Beaumaris",26801,1.85834142282624,124,"Melbourne - Inner South"
"125","209011198","Heidelberg - Rosanna",26679,1.57723913686077,125,"Melbourne - North East"
"126","208021426","Bentleigh East - North",26467,1.50783341878881,126,"Melbourne - Inner South"
"127","211011448","Ferntree Gully (South) - Upper Ferntree Gully",26397,1.69211538461538,127,"Melbourne - Outer East"
"128","209011200","Ivanhoe",26192,1.99163561706334,128,"Melbourne - North East"
"129","211041273","Vermont South",26099,2.12619144602851,129,"Melbourne - Outer East"
"130","213011340","Taylors Lakes",25963,1.52732513677275,130,"Melbourne - West"
"131","211041269","Forest Hill",25705,2.29242843128512,131,"Melbourne - Outer East"
"132","208031191","Moorabbin - Heatherton",25541,2.63092295014421,132,"Melbourne - Inner South"
"133","206071145","Clifton Hill - Alphington",25491,2.25743889479277,133,"Melbourne - Inner"
"134","213051468","Werribee - West",25473,0.833758837391987,134,"Melbourne - West"
"135","206061516","South Yarra - South",25289,2.39524531161205,135,"Melbourne - Inner"
"136","211011259","Wantirna",25173,1.72052491285626,136,"Melbourne - Outer East"
"137","212051324","Mount Waverley - South",25037,1.2165103736456,137,"Melbourne - South East"
"138","212051327","Wheelers Hill",24560,1.15386422363167,138,"Melbourne - South East"
"139","211031268","Ringwood North",24422,2.49127818014893,139,"Melbourne - Outer East"
"140","214011372","Frankston North",23909,1.20502998840784,140,"Mornington Peninsula"
"141","208021427","Bentleigh East - South",23868,1.61597833446175,141,"Melbourne - Inner South"
"142","212051568","Clayton - Central",23527,1.56491951576427,142,"Melbourne - South East"
"143","206041508","Southbank (West) - South Wharf",23417,2.97698957538774,143,"Melbourne - Inner"
"144","208021174","Bentleigh - McKinnon",23230,0.865983224603914,144,"Melbourne - Inner South"
"145","206011109","Pascoe Vale South",22899,2.10681755451283,145,"Melbourne - Inner"
"146","209031213","Plenty - Yarrambat",22854,2.37839525444895,146,"Melbourne - North East"
"147","213051583","Tarneit - Central",22732,0.771570158169846,147,"Melbourne - West"
"148","213051361","Hoppers Crossing - North",22625,1.22895165670831,148,"Melbourne - West"
"149","210011230","Niddrie - Essendon West",22421,2.82914826498423,149,"Melbourne - North West"
"150","212021456","Narre Warren - South West",22413,1.45049184571576,150,"Melbourne - South East"
"151","210051443","Craigieburn - South",22320,0.926679398820892,151,"Melbourne - North West"
"152","211051278","Lilydale - Coldstream",22306,1.08634880436371,152,"Melbourne - Outer East"
"153","211031265","Croydon Hills - Warranwood",22073,1.20020662280463,153,"Melbourne - Outer East"
"154","211031450","Croydon - East",22014,1.2812991094814,154,"Melbourne - Outer East"
"155","214011375","Seaford (Vic.)",21808,1.20672864099159,155,"Mornington Peninsula"
"156","206011498","Coburg - West",21792,1.46895854398382,156,"Melbourne - Inner"
"157","212031556","Clyde North - South",21769,0.884595066845463,157,"Melbourne - South East"
"158","206041510","West Melbourne - Residential",21763,2.33985592946995,158,"Melbourne - Inner"
"159","213011337","Sunshine North",21411,1.71246900743821,159,"Melbourne - West"
"160","211031267","Ringwood East",21261,0.972331473520534,160,"Melbourne - Outer East"
"161","209011196","Bundoora - East",21234,2.0736328125,161,"Melbourne - North East"
"162","213011569","Deer Park",21157,1.14690735620968,162,"Melbourne - West"
"163","207011150","Glen Iris - East",21111,1.20379768489479,163,"Melbourne - Inner East"
"164","206031115","Flemington",20977,2.03858114674441,164,"Melbourne - Inner"
"165","211011447","Ferntree Gully - North",20774,1.42973158981418,165,"Melbourne - Outer East"
"166","211051282","Mount Dandenong - Olinda",20749,2.15932979498387,166,"Melbourne - Outer East"
"167","213011334","St Albans - North",20698,0.985525188077326,167,"Melbourne - West"
"168","213051362","Hoppers Crossing - South",20323,1.07149259239732,168,"Melbourne - West"
"169","210051544","Roxburgh Park (South) - Somerton",20087,2.06422772582468,169,"Melbourne - North West"
"170","208021182","Ormond - Glen Huntly",19989,1.35647394136808,170,"Melbourne - Inner South"
"171","212051323","Mount Waverley - North",19875,1.15458347856396,171,"Melbourne - South East"
"172","206041127","West Melbourne - Industrial",19695,0,172,"Melbourne - Inner"
"173","211031263","Bayswater North",19457,1.61562733538155,173,"Melbourne - Outer East"
"174","213011338","Sunshine West",19448,1.03501862692922,174,"Melbourne - West"
"175","210011228","Keilor",19361,2.22514653488105,175,"Melbourne - North West"
"176","213041353","Bacchus Marsh",19303,0.726332028898254,176,"Melbourne - West"
"177","206061515","South Yarra - North",19091,1.40035208684809,177,"Melbourne - Inner"
"178","212041309","Clarinda - Oakleigh South",18869,1.60559904697073,178,"Melbourne - South East"
"179","212041312","Dandenong North",18823,0.807854077253219,179,"Melbourne - South East"
"180","210031236","Coburg North",18689,2.09166200335758,180,"Melbourne - North West"
"181","213011328","Ardeer - Albion",18509,2.34054122407688,181,"Melbourne - West"
"182","213021344","Newport",18440,0.924635210349496,182,"Melbourne - West"
"183","207011519","Hawthorn - North",18399,1.70046210720887,183,"Melbourne - Inner East"
"184","208011170","Brighton East",18259,1.05781820288512,184,"Melbourne - Inner South"
"185","208021181","Murrumbeena",18125,1.80438028870085,185,"Melbourne - Inner South"
"186","209041220","Mill Park - North",18080,1.02112278323732,186,"Melbourne - North East"
"187","213031352","Yarraville",17976,1.10669211352583,187,"Melbourne - West"
"188","206041507","Royal Botanic Gardens Victoria",17954,0,188,"Melbourne - Inner"
"189","212041565","Keysborough - North",17622,1.16740642596886,189,"Melbourne - South East"
"190","213051590","Wyndham Vale - South",17239,1.21718562451458,190,"Melbourne - West"
"191","212041310","Clayton South",16954,1.11996300700225,191,"Melbourne - South East"
"192","213011335","St Albans - South",16774,0.944269308714254,192,"Melbourne - West"
"193","214021384","Rosebud - McCrae",16721,0.718225162149392,193,"Mornington Peninsula"
"194","208011171","Highett (West) - Cheltenham",16638,1.27027027027027,194,"Melbourne - Inner South"
"195","208011172","Hampton",16333,0.850322782174094,195,"Melbourne - Inner South"
"196","207031167","Surrey Hills (East) - Mont Albert",16285,1.51277287505806,196,"Melbourne - Inner East"
"197","209021524","Reservoir - North West",16206,1.64795607077486,197,"Melbourne - North East"
"198","210041540","Sunbury - South",16014,0.952137463582853,198,"Melbourne - North West"
"199","213031350","Seddon - Kingsville",15567,1.59139235330198,199,"Melbourne - West"
"200","212021553","Berwick - South East",15445,0.772172782721728,200,"Melbourne - South East"
"201","210051246","Greenvale - Bulla",15346,0.596586712280838,201,"Melbourne - North West"
"202","214011374","Langwarrin",15143,0.588146191789335,202,"Mornington Peninsula"
"203","208031189","Edithvale - Aspendale",14958,1.05702777188891,203,"Melbourne - Inner South"
"204","212011552","Pakenham - South West",14952,0.529893326717936,204,"Melbourne - South East"
"205","207031162","Blackburn South",14863,1.34154707103529,205,"Melbourne - Inner East"
"206","213051368","Werribee - South",14863,0.828622400624408,206,"Melbourne - West"
"207","212021454","Endeavour Hills - South",14584,1.07282624687362,207,"Melbourne - South East"
"208","210011231","Strathmore",14537,1.39016926460744,208,"Melbourne - North West"
"209","210051543","Craigieburn - West",14318,0.970054200542005,209,"Melbourne - North West"
"210","212031458","Narre Warren South - West",14290,0.833673647978531,210,"Melbourne - South East"
"211","212041318","Springvale South",14207,1.08128472486491,211,"Melbourne - South East"
"212","210051250","Tullamarine",14180,2.11326378539493,212,"Melbourne - North West"
"213","213011332","Keilor Downs",14108,1.07958371594735,213,"Melbourne - West"
"214","213021346","Williamstown",14088,0.832624113475177,214,"Melbourne - West"
"215","212011546","Beaconsfield - Officer",13773,0.485528959706701,215,"Melbourne - South East"
"216","214021377","Dromana",13768,0.998766775480595,216,"Mornington Peninsula"
"217","208021180","Hughesdale",13741,1.69893669634026,217,"Melbourne - Inner South"
"218","214021592","Mornington - West",13665,1.26026007562483,218,"Mornington Peninsula"
"219","213011339","Sydenham",13181,1.100985633144,219,"Melbourne - West"
"220","212021297","Hallam",13125,1.09887809778969,220,"Melbourne - South East"
"221","214021381","Mount Eliza",13018,0.68483349992109,221,"Mornington Peninsula"
"222","212031557","Cranbourne East - North",13015,0.517515606982385,222,"Melbourne - South East"
"223","210011533","Avondale Heights",12938,1.00904695055374,223,"Melbourne - North West"
"224","213021342","Altona Meadows",12771,0.679561538870856,224,"Melbourne - West"
"225","209041217","Bundoora - West",12758,1.89231681993474,225,"Melbourne - North East"
"226","207011146","Ashburton (Vic.)",12610,1.50065452814471,226,"Melbourne - Inner East"
"227","210051247","Meadow Heights",12437,0.831350267379679,227,"Melbourne - North West"
"228","212011289","Emerald - Cockatoo",12437,0.656029116995464,228,"Melbourne - South East"
"229","212031306","Lynbrook - Lyndhurst",12244,0.629997427321842,229,"Melbourne - South East"
"230","213041575","Hillside",12239,0.75924317617866,230,"Melbourne - West"
"231","211051274","Belgrave - Selby",12189,1.21999799819838,231,"Melbourne - Outer East"
"232","210031237","Fawkner",12167,0.813302139037433,232,"Melbourne - North West"
"233","209041431","Epping - East",12166,0.901719537503706,233,"Melbourne - North East"
"234","214021382","Mount Martha",12149,0.602449667757612,234,"Mornington Peninsula"
"235","211051283","Mount Evelyn",12080,1.20414673046252,235,"Melbourne - Outer East"
"236","209011201","Ivanhoe East - Eaglemont",12056,1.4883950617284,236,"Melbourne - North East"
"237","211011251","Bayswater",12034,0.904472003006389,237,"Melbourne - Outer East"
"238","213051586","Truganina - North",11998,0.839784419402254,238,"Melbourne - West"
"239","211051275","Chirnside Park",11880,0.949944026867104,239,"Melbourne - Outer East"
"240","211041272","Vermont",11841,1.04298423324231,240,"Melbourne - Outer East"
"241","213051580","Point Cook - North East",11772,0.794492812310184,241,"Melbourne - West"
"242","210051445","Mickleham - Yuroke",11681,0.330242288880721,242,"Melbourne - North West"
"243","209041436","South Morang - South",11654,0.904181860501203,243,"Melbourne - North East"
"244","212031562","Hampton Park - West",11513,0.836214410226612,244,"Melbourne - South East"
"245","212031561","Hampton Park - East",11494,0.858850780841366,245,"Melbourne - South East"
"246","208031186","Chelsea - Bonbeach",11472,0.72232716282584,246,"Melbourne - Inner South"
"247","212041566","Keysborough - South",11454,0.678795780490696,247,"Melbourne - South East"
"248","211051277","Kilsyth",11421,1.06978269014612,248,"Melbourne - Outer East"
"249","210031538","Pascoe Vale",11261,0.610882065748074,249,"Melbourne - North West"
"250","213041360","Taylors Hill",11259,0.567032634971797,250,"Melbourne - West"
"251","212031457","Narre Warren South - East",11184,0.858326937835764,251,"Melbourne - South East"
"252","210031535","Glenroy - East",10828,0.688147442008262,252,"Melbourne - North West"
"253","212041460","Noble Park - West",10779,0.530201672405312,253,"Melbourne - South East"
"254","211051286","Yarra Valley",10550,0.618441878187467,254,"Melbourne - Outer East"
"255","208031185","Carrum - Patterson Lakes",10445,0.839292888710325,255,"Melbourne - Inner South"
"256","211011258","Rowville - South",10404,0.982065319992449,256,"Melbourne - Outer East"
"257","212041313","Dingley Village",10365,0.963827413055607,257,"Melbourne - South East"
"258","209011204","Watsonia",10361,1.08856902710653,258,"Melbourne - North East"
"259","212021295","Doveton",10309,0.80589430894309,259,"Melbourne - South East"
"260","212041459","Noble Park - East",10218,0.745893860865757,260,"Melbourne - South East"
"261","206041121","Kensington (Vic.)",10141,0.866826224463629,261,"Melbourne - Inner"
"262","213041461","Burnside",10115,1.56846022639169,262,"Melbourne - West"
"263","212031304","Cranbourne West",10067,0.404264717693358,263,"Melbourne - South East"
"264","209041216","Bundoora - North",10013,1.25084322298563,264,"Melbourne - North East"
"265","214021591","Mornington - East",9861,0.652570974786579,265,"Mornington Peninsula"
"266","212021453","Endeavour Hills - North",9630,0.792592592592593,266,"Melbourne - South East"
"267","209041532","Mernda - South",9585,0.708635221055745,267,"Melbourne - North East"
"268","213011333","Kings Park (Vic.)",9546,0.685234369392003,268,"Melbourne - West"
"269","214011373","Frankston South",9463,0.492505464765275,269,"Mornington Peninsula"
"270","209041435","South Morang - North",9313,0.712547819433818,270,"Melbourne - North East"
"271","211051281","Mooroolbark",9273,0.382265644323522,271,"Melbourne - Outer East"
"272","212021455","Narre Warren - North East",8961,0.656820347430917,272,"Melbourne - South East"
"273","209041530","Lalor - West",8923,0.640422019665542,273,"Melbourne - North East"
"274","213051585","Tarneit - South",8807,0.752220703792279,274,"Melbourne - West"
"275","209031215","Wattle Glen - Diamond Creek",8577,0.579409579139364,275,"Melbourne - North East"
"276","212011551","Pakenham - South East",8576,1.27885475693409,276,"Melbourne - South East"
"277","213051588","Truganina - South West",8511,0.418107683238357,277,"Melbourne - West"
"278","210041541","Sunbury - West",8495,0.744914065240267,278,"Melbourne - North West"
"279","211051280","Montrose",8480,1.22525646582864,279,"Melbourne - Outer East"
"280","209011203","Viewbank - Yallambie",8417,0.442790257246567,280,"Melbourne - North East"
"281","212031560","Cranbourne North - West",8241,0.668424040879228,281,"Melbourne - South East"
"282","212021554","Berwick - South West",8087,0.63224141974826,282,"Melbourne - South East"
"283","209041225","Whittlesea",8073,0.510593890329517,283,"Melbourne - North East"
"284","210051441","Craigieburn - Central",7989,0.973437309613744,284,"Melbourne - North West"
"285","212031303","Cranbourne South",7880,0.320611929367727,285,"Melbourne - South East"
"286","213051584","Tarneit - North",7869,0.583537263626251,286,"Melbourne - West"
"287","210041240","Sunbury",7561,0.510533423362593,287,"Melbourne - North West"
"288","213041358","Melton West",7534,0.332025913357719,288,"Melbourne - West"
"289","208031187","Chelsea Heights",7477,1.37041788856305,289,"Melbourne - Inner South"
"290","213041578","Melton South - Weir Views",7226,0.332107730489935,290,"Melbourne - West"
"291","209041221","Mill Park - South",7073,0.62471294824236,291,"Melbourne - North East"
"292","210031440","Hadfield",6865,1.031710249474,292,"Melbourne - North West"
"293","208031183","Aspendale Gardens - Waterways",6432,0.706890867128256,293,"Melbourne - Inner South"
"294","213011331","Delahey",6383,0.797077922077922,294,"Melbourne - West"
"295","211051276","Healesville - Yarra Glen",6131,0.436680911680912,295,"Melbourne - Outer East"
"296","213051464","Point Cook - East",6114,0.284121009340583,296,"Melbourne - West"
"297","212031559","Cranbourne North - East",6113,0.446922064629332,297,"Melbourne - South East"
"298","212031555","Clyde North - North",6041,0.459217027746104,298,"Melbourne - South East"
"299","210051442","Craigieburn - North",6012,0.466697717745692,299,"Melbourne - North West"
"300","214021379","Hastings - Somers",5961,0.248789649415693,300,"Mornington Peninsula"
"301","211051284","Upwey - Tecoma",5951,0.603427296694382,301,"Melbourne - Outer East"
"302","213041577","Melton",5931,0.737136465324385,302,"Melbourne - West"
"303","208031184","Braeside",5885,210.178571428571,303,"Melbourne - Inner South"
"304","209041433","Epping (Vic.) - West",5498,0.426036419992251,304,"Melbourne - North East"
"305","213051587","Truganina - South East",5403,0.505472916081953,305,"Melbourne - West"
"306","212011549","Pakenham - North East",5382,0.328591489101899,306,"Melbourne - South East"
"307","213051466","Point Cook - South",5331,0.258836667314042,307,"Melbourne - West"
"308","212041316","Noble Park North",5002,0.65377074892171,308,"Melbourne - South East"
"309","213041359","Rockbank - Mount Cottrell",4948,0.157634840230654,309,"Melbourne - West"
"310","209041527","Doreen - North",4833,0.280482850676107,310,"Melbourne - North East"
"311","210041539","Diggers Rest",4792,0.687813980192335,311,"Melbourne - North West"
"312","209041531","Mernda - North",4788,0.397740488453231,312,"Melbourne - North East"
"313","211011257","Rowville - North",4738,0.600202685583988,313,"Melbourne - Outer East"
"314","213051589","Wyndham Vale - North",4733,0.360252702085553,314,"Melbourne - West"
"315","209041437","Wollert",4565,0.135952111501578,315,"Melbourne - North East"
"316","209041529","Lalor - East",4244,0.416282491417361,316,"Melbourne - North East"
"317","209041224","Wallan",4188,0.147386943515749,317,"Melbourne - North East"
"318","211051279","Monbulk - Silvan",4179,0.716318135070278,318,"Melbourne - Outer East"
"319","213041462","Burnside Heights",4171,0.641791044776119,319,"Melbourne - West"
"320","210011227","Essendon Airport",4097,292.642857142857,320,"Melbourne - North West"
"321","210031537","Oak Park",4092,0.482092365692743,321,"Melbourne - North West"
"322","211051285","Wandin - Seville",4017,0.502187773471684,322,"Melbourne - Outer East"
"323","214021385","Somerville",3940,0.207674467636517,323,"Mornington Peninsula"
"324","211031452","Croydon South",3723,0.72431906614786,324,"Melbourne - Outer East"
"325","213051582","Tarneit (West) - Mount Cottrell",3696,0.215221568741629,325,"Melbourne - West"
"326","210051542","Craigieburn - North West",3681,0.328719414181104,326,"Melbourne - North West"
"327","209031214","Research - North Warrandyte",3546,0.504122831959056,327,"Melbourne - North East"
"328","209041528","Doreen - South",3503,0.296613039796782,328,"Melbourne - North East"
"329","206041120","Flemington Racecourse",3464,44.4102564102564,329,"Melbourne - Inner"
"330","211011255","Lysterfield",3413,0.516026610220744,330,"Melbourne - Outer East"
"331","210051545","Roxburgh Park - North",3403,0.220587282037985,331,"Melbourne - North West"
"332","213011570","Derrimut",3364,0.37742623134747,332,"Melbourne - West"
"333","213041573","Eynesbury - Exford",3346,0.850750063564709,333,"Melbourne - West"
"334","212021299","Narre Warren North",3279,0.400659824046921,334,"Melbourne - South East"
"335","214011376","Skye - Sandhurst",3248,0.238700668773425,335,"Mornington Peninsula"
"336","213041576","Kurunjang - Toolern Vale",2889,0.239373601789709,336,"Melbourne - West"
"337","211011449","The Basin",2873,0.661219792865362,337,"Melbourne - Outer East"
"338","210031536","Glenroy - West",2809,0.293368146214099,338,"Melbourne - North West"
"339","213051581","Point Cook - North West",2809,0.276340383669454,339,"Melbourne - West"
"340","212031558","Cranbourne East - South",2693,0.178202752779248,340,"Melbourne - South East"
"341","210051248","Melbourne Airport",2566,19.7384615384615,341,"Melbourne - North West"
"342","213011329","Cairnlea",2497,0.248581383773021,342,"Melbourne - West"
"343","213051579","Manor Lakes - Quandong",2423,0.192683896620278,343,"Melbourne - West"
"344","213041574","Fraser Rise - Plumpton",2402,0.115870718765075,344,"Melbourne - West"
"345","210031439","Gowanbrae",2341,0.734085920351207,345,"Melbourne - North West"
"346","213021345","Seabrook",2334,0.470280072536772,346,"Melbourne - West"
"347","213041571","Brookfield",1815,0.174385088393543,347,"Melbourne - West"
"348","208031192","Moorabbin Airport",1522,58.5384615384615,348,"Melbourne - Inner South"
"349","212031308","Pearcedale - Tooradin",1505,0.182357930449533,349,"Melbourne - South East"
"350","212011550","Pakenham - North West",1044,0.108096914475047,350,"Melbourne - South East"
"351","209031210","Hurstbridge",959,0.27090395480226,351,"Melbourne - North East"
"352","213041572","Cobblebank - Strathtulloh",858,0.0729591836734694,352,"Melbourne - West"
"353","212011548","Koo Wee Rup",530,0.0441335664917978,353,"Melbourne - South East"
"354","209031211","Kinglake",360,0.0818367810866106,354,"Melbourne - North East"
"355","214021378","Flinders",168,0.0276999175597692,355,"Mornington Peninsula"
"356","209031212","Panton Hill - St Andrews",148,0.0287211333203959,356,"Melbourne - North East"
"357","212011547","Bunyip - Garfield",55,0.00537004491310291,357,"Melbourne - South East"
"358","210021232","Gisborne",0,0,358,"Melbourne - North West"
"359","210021233","Macedon",0,0,359,"Melbourne - North West"
"360","210021234","Riddells Creek",0,0,360,"Melbourne - North West"
"361","210021235","Romsey",0,0,361,"Melbourne - North West"
